name,classes,controllers,size,stars,forks,language,subscribers,open_issues,user,repo
miansen/Roothub,389,33,64444,100,37, Java,4,16,miansen,Roothub
huanglu20124/invoice,73,12,78906,95,55, Java,11,2,huanglu20124,invoice
Lab41/Dendrite,101,17,6344,92,25, JavaScript,13,18,Lab41,Dendrite
pibigstar/parsevip,90,17,17399,87,28, Java,3,0,pibigstar,parsevip
OCR4all/OCR4all,47,18,3648,86,15, JavaScript,22,13,OCR4all,OCR4all
moocss/EasyCMS,64,12,10180,86,80, JavaScript,24,0,moocss,EasyCMS
Vino007/javaEEScaffold,45,21,7221,84,53, JavaScript,14,2,Vino007,javaEEScaffold
GdeiAssistant/GdeiAssistant,455,84,18586,79,38, Java,7,0,GdeiAssistant,GdeiAssistant
purang-fintech/seppb,430,45,960,79,30, Java,5,1,purang-fintech,seppb
muralibasani/kafkawize,99,27,21305,70,9, CSS,12,0,muralibasani,kafkawize
qianqianjun/Educational-management,100,20,5305,66,18, Java,8,3,qianqianjun,Educational-management
wsk1103/movie-boot,217,23,46596,60,72, TSQL,5,0,wsk1103,movie-boot
JoeyBling/bootplus,150,13,40245,58,23, JavaScript,3,0,JoeyBling,bootplus
forTribeforXuanmo/sword-forum,79,12,9186,57,29, JavaScript,1,4,forTribeforXuanmo,sword-forum
candyadmin/likejd,800,123,171844,55,45, HTML,7,2,candyadmin,likejd
justinscript/travel.b2b,515,36,30388,51,51, Java,18,7,justinscript,travel.b2b
JoeyBling/hqc_mp,309,49,20894,51,25, JavaScript,4,5,JoeyBling,hqc_mp
superman544/JavaOJSystem,192,20,6748,47,25, JavaScript,4,2,superman544,JavaOJSystem
ErnestMing/pss2,168,27,4186,46,48, Java,8,1,ErnestMing,pss2
514840279/danyuan-application,277,51,44785,46,24, Java,7,0,514840279,danyuan-application
Nikati/WebStack-Guns-NKT,152,17,4719,43,26, Java,3,1,Nikati,WebStack-Guns-NKT
iminto/baicai,84,12,23464,41,29, HTML,8,0,iminto,baicai
krishagni/openspecimen,1244,70,1333052,41,44, Java,36,2,krishagni,openspecimen
justinscript/shopping.plat,298,14,7726,39,36, Java,14,3,justinscript,shopping.plat
cym1102/nginxWebUI,82,18,4148,39,9, HTML,2,0,cym1102,nginxWebUI
Jannchie/biliob_backend,200,22,1111,37,11, Java,0,4,Jannchie,biliob_backend
INCF/eeg-database,1007,84,168168,36,8, Java,53,32,INCF,eeg-database
Lotharing/SDIMS,112,20,799,34,7, Java,0,6,Lotharing,SDIMS
kanban/kanban-app,140,12,1380,34,23, Java,9,5,kanban,kanban-app
Frodez/BlogManagePlatform,317,15,20182,33,15, Java,2,0,Frodez,BlogManagePlatform
finallysmile3/ExamSystem,108,17,46351,33,18, Java,2,4,finallysmile3,ExamSystem
cloudfoundry-attic/login-server,133,23,7777,32,52, Java,77,3,cloudfoundry-attic,login-server
atlasapi/atlas,1797,69,29140,32,10, Java,10,23,atlasapi,atlas
metasfresh/metasfresh-webui-api-legacy,1081,53,12230,30,34, Java,11,283,metasfresh,metasfresh-webui-api-legacy
nysenate/GeoApi,407,20,20700,27,8, Java,10,3,nysenate,GeoApi
tangdu/smh2,111,25,92244,27,22, JavaScript,7,0,tangdu,smh2
qiao-zhi/jwxt,595,76,25888,26,8, Java,7,2,qiao-zhi,jwxt
jiangzongyao/kettle-master,70,13,3313,24,13, JavaScript,2,0,jiangzongyao,kettle-master
jdmr/mateo,704,149,13710,23,43, Java,13,3,jdmr,mateo
shuxianfeng/movision,886,80,33626,21,20, Java,2,0,shuxianfeng,movision
leluque/university-site-cms,254,23,35036,21,13, JavaScript,8,9,leluque,university-site-cms
zhangdaiscott/jeecg-nomaven,596,99,175855,19,30, JavaScript,5,0,zhangdaiscott,jeecg-nomaven
ghostxbh/uzy-ssm-mall,89,19,10103,19,11, Java,1,0,ghostxbh,uzy-ssm-mall
OpenGeoportal/OGP2,330,24,134850,18,14, JavaScript,7,11,OpenGeoportal,OGP2
litblank/hammer,226,24,2014,18,1, Java,2,0,litblank,hammer
datasphere-oss/datasphere-service,1371,67,7181,17,6, Java,4,4,datasphere-oss,datasphere-service
choerodon/agile-service-old,914,98,10605,17,16, Java,8,1,choerodon,agile-service-old
kai8406/cmop,237,34,17904,17,13, Java,8,1,kai8406,cmop
gliderwiki/glider,329,32,64298,15,12, Java,11,2,gliderwiki,glider
hslooooooool/form_flow,467,49,6827,15,17, JavaScript,3,1,hslooooooool,form_flow
mozammel/mNet,148,21,2666,15,14, JavaScript,13,3,mozammel,mNet
easy-ware/api-manager,181,90,21297,15,7, Java,4,5,easy-ware,api-manager
15005935651/Guns-Medical,178,19,1746,15,8, Java,0,2,15005935651,Guns-Medical
lvr1997/ershoujiaoyi,78,11,8678,14,7, Java,0,7,lvr1997,ershoujiaoyi
ErnestMing/pss1,176,29,4154,14,11, Java,1,0,ErnestMing,pss1
Ryan--Yang/CBoard-boot,228,15,17412,13,17, JavaScript,6,2,Ryan--Yang,CBoard-boot
GZzzhsmart/P2Pproj,275,42,98201,13,8, JavaScript,1,4,GZzzhsmart,P2Pproj
HIIT/dime-server,91,12,97425,13,7, Java,27,23,HIIT,dime-server
doooyo/Weixin_Server,303,32,4538,13,11, Java,4,0,doooyo,Weixin_Server
justinbaby/my-paper,463,100,67396,13,4, Java,2,0,justinbaby,my-paper
edgexfoundry/core-data,38,15,135,12,10, Java,11,0,edgexfoundry,core-data
mofadeyunduo/online-judge,43,16,32227,12,11, Java,3,0,mofadeyunduo,online-judge
MiniPa/cjs_ssms,98,13,6101,11,10, Java,2,1,MiniPa,cjs_ssms
AURIN/online-whatif,429,22,23590,11,5, Java,13,2,AURIN,online-whatif
fishstormX/fishmaple,173,21,5532,11,1, JavaScript,2,6,fishstormX,fishmaple
opendevstack/ods-provisioning-app,146,11,1516,11,15, Java,26,47,opendevstack,ods-provisioning-app
parasoft/parabank,260,71,12703,10,15, JavaScript,9,1,parasoft,parabank
MaritimeConnectivityPlatform/IdentityRegistry,124,24,1777,10,8, Java,4,0,MaritimeConnectivityPlatform,IdentityRegistry
zhangyanbo2007/youkefu,830,99,5,10,30, Java,1,0,zhangyanbo2007,youkefu
BCSquad/pmph,953,87,16637,10,5, Java,5,14,BCSquad,pmph
starqiu/RDMP1,60,30,24114,10,12, Java,5,0,starqiu,RDMP1
Propro-Studio/propro-server,310,21,55498,10,0, CSS,2,2,Propro-Studio,propro-server
yunchaoyun/active4j-flow,219,47,6252,9,7, JavaScript,1,0,yunchaoyun,active4j-flow
BCSquad/pmph_java_front,369,55,16152,9,1, Java,6,0,BCSquad,pmph_java_front
yorkmass/Yark-AdminMS,69,12,41214,9,0, JavaScript,1,1,yorkmass,Yark-AdminMS
vector1989/EMAS,265,26,145156,9,5, Java,1,1,vector1989,EMAS
768330962/poet_ready_system,57,14,1629,8,5, HTML,0,3,768330962,poet_ready_system
EUSurvey/EUSURVEY,294,46,119095,8,2, Java,5,11,EUSurvey,EUSURVEY
suyeq/steamMall,120,13,6524,8,2, CSS,2,2,suyeq,steamMall
zlren/noah-health,86,12,320,8,6, Java,3,0,zlren,noah-health
Prasad108/TutesMessanger,109,20,6700,8,3, JavaScript,8,18,Prasad108,TutesMessanger
busing/circle_web,268,19,30032,8,3, Java,1,0,busing,circle_web
UDA-EJIE/udaLib,320,13,13194,7,2, Java,17,3,UDA-EJIE,udaLib
bbaibb1009/wxcrm,95,15,25903,7,10, Java,4,1,bbaibb1009,wxcrm
15326047083/saomadiancan,75,15,7808,6,1, JavaScript,0,0,15326047083,saomadiancan
khasang/delivery,218,11,7443,6,6, Java,8,5,khasang,delivery
TexnologiaLogismikou/Fiz,199,18,1160,6,0, Java,5,3,TexnologiaLogismikou,Fiz
ming-soft/ms-mpeople,42,11,623,6,17, Java,1,0,ming-soft,ms-mpeople
uq-eresearch/oztrack,213,57,9227,6,7, Java,3,43,uq-eresearch,oztrack
wang007/live-server,238,23,6130,6,5, JavaScript,4,0,wang007,live-server
zxwgdft/paladin-boot,328,17,97803,6,0, JavaScript,1,0,zxwgdft,paladin-boot
chenxingxing6/mycloud-admin,190,20,3847,6,3, JavaScript,0,4,chenxingxing6,mycloud-admin
shenshaoming/byte_easy,55,12,13225,5,4, JavaScript,1,0,shenshaoming,byte_easy
nimble-platform/business-process-service,222,47,2798,5,3, Java,5,16,nimble-platform,business-process-service
MiniApp/UziShop,788,247,94028,5,12, Java,1,0,MiniApp,UziShop
codemky/uni,615,89,1444,5,0, Java,2,2,codemky,uni
covito/legend-shop,862,84,22069,5,13, JavaScript,3,0,covito,legend-shop
ushahidi/SwiftRiver-API,249,21,1464,5,5, Java,16,18,ushahidi,SwiftRiver-API
xiaomingds/examsystem,72,12,80249,5,2, Java,1,2,xiaomingds,examsystem
softservedata/lv257,171,18,35610,5,4, Java,5,2,softservedata,lv257
FISHStack/FISH-UCKeFu,665,84,107863,5,7, Java,1,0,FISHStack,FISH-UCKeFu
joubin/CSC191,32,15,14119,5,1, Java,6,5,joubin,CSC191
aramsoft/aramcomp,345,72,21307,5,5, Java,1,1,aramsoft,aramcomp
bao17634/Warehouse-system,76,13,1787,5,1, JavaScript,1,1,bao17634,Warehouse-system
shigenwang/membership,153,18,60199,5,7, Java,1,0,shigenwang,membership
SafeExamBrowser/seb-server,680,46,8979,5,3, Java,3,0,SafeExamBrowser,seb-server
Seenck/jeecg-bpm-3.8,810,128,30635,5,8, JavaScript,0,2,Seenck,jeecg-bpm-3.8
jakarta99/iii-ee104,114,36,125139,5,2, CSS,3,0,jakarta99,iii-ee104
simbest/simbest-cores,401,28,583182,5,10, Java,3,0,simbest,simbest-cores
GraffiTab/GraffiTab-Backend,188,11,85291,5,1, HTML,3,42,GraffiTab,GraffiTab-Backend
surajcm/Poseidon,122,31,46779,4,1, Java,0,3,surajcm,Poseidon
loongw513029/buscloud,347,40,6110,4,0, Java,1,0,loongw513029,buscloud
tcrct/duang,377,12,865,4,1, Java,1,2,tcrct,duang
ZFGCCP/ZFGC3,471,26,7164,4,1, Java,6,34,ZFGCCP,ZFGC3
WilsonHu/sinsim,243,42,2374,4,0, TSQL,5,2,WilsonHu,sinsim
crypto-coder/open-cyclos,2514,1271,46129,4,8, Java,2,0,crypto-coder,open-cyclos
sfx478076717/goldenarches,56,11,18294,4,0, Java,0,0,sfx478076717,goldenarches
Qyujie/graduationpr,128,19,82250,4,3, CSS,0,2,Qyujie,graduationpr
zndo/oss-admin-parent,106,32,14826,4,0, HTML,2,0,zndo,oss-admin-parent
dp2-g56/Dp2-L02,245,40,1002,4,1, Java,2,0,dp2-g56,Dp2-L02
cable5881/Fund,201,17,4176,4,3, Java,1,0,cable5881,Fund
wangwang1230/te-empl,156,24,29367,4,5, Java,1,0,wangwang1230,te-empl
ElectiveTeam/elective_system,97,15,3692,4,0, JavaScript,1,0,ElectiveTeam,elective_system
Rocklee830630/WMSystem,816,204,100424,4,9, Java,1,0,Rocklee830630,WMSystem
75193982/HyLMS,535,141,13852,4,6, Java,0,0,75193982,HyLMS
sunxingtm/FPMS,721,91,78516,4,6, Java,1,0,sunxingtm,FPMS
next-step/jwp-jdbc,117,16,2932,4,40, Java,7,1,next-step,jwp-jdbc
KongZouXiang/TradeSteward,232,40,13484,4,1, JavaScript,1,1,KongZouXiang,TradeSteward
Glamdring/welshare,241,33,7918,4,5, Java,1,0,Glamdring,welshare
skyisbule/nanfeng,71,13,5421,4,3, Java,0,2,skyisbule,nanfeng
OHDSI/ArachneCentralAPI,832,64,87322,4,2, Java,14,7,OHDSI,ArachneCentralAPI
mingslife/LightCMS,103,17,7736,4,0, JavaScript,1,0,mingslife,LightCMS
linolee/class4,187,24,45658,4,2, JavaScript,0,4,linolee,class4
yaowuya/lprapm,105,26,57665,4,0, JavaScript,1,1,yaowuya,lprapm
yShen868/ssm03,94,14,2169,4,1, JavaScript,1,5,yShen868,ssm03
hmcts/ccd-data-store-api,673,33,18544,4,21, Java,31,18,hmcts,ccd-data-store-api
ledeqa/idoc,257,32,3253,4,3, Java,2,4,ledeqa,idoc
dagilmore/Riddlin,51,12,25836,4,0, Java,1,0,dagilmore,Riddlin
dovier/coj-web,453,62,54111,4,1, Java,5,2,dovier,coj-web
chenzhq/WsMonitor,246,16,4520,4,2, JavaScript,2,8,chenzhq,WsMonitor
AlexNastin/G3DM,184,28,46936,4,0, Java,4,0,AlexNastin,G3DM
parkkyoung/f4mall,59,15,15349,4,0, JavaScript,0,0,parkkyoung,f4mall
zhouweiwei18/HospitalSystem,210,29,30769,3,8, JavaScript,1,5,zhouweiwei18,HospitalSystem
ONSdigital/rm-collection-exercise-service,220,39,4060,3,1, Java,19,7,ONSdigital,rm-collection-exercise-service
uq-eresearch/lorestore,85,11,2095,3,3, JavaScript,3,12,uq-eresearch,lorestore
momoplan/dataanalysis,195,20,2596,3,3, Java,4,0,momoplan,dataanalysis
isa-group/ideas-studio,115,20,9401,3,5, JavaScript,11,100,isa-group,ideas-studio
smartcommunitylab/smartcampus.vas.corsi.web,65,13,1828,3,0, JavaScript,33,0,smartcommunitylab,smartcampus.vas.corsi.web
xiongzhenhai-zh/produce-project-managerment,113,14,2409,3,0, Java,0,0,xiongzhenhai-zh,produce-project-managerment
flamefire33/uckefu,609,75,83225,3,7, Java,1,0,flamefire33,uckefu
XMFBee/AuthPlatform1,281,63,13445,3,0, JavaScript,0,0,XMFBee,AuthPlatform1
niths/niths,364,77,10095,3,2, Java,7,0,niths,niths
montana-department-of-corrections/omis,5734,902,9035,3,6, Java,4,2,montana-department-of-corrections,omis
scrumtracker/scrumtracker2017,44,13,69555,3,2, Java,5,1,scrumtracker,scrumtracker2017
simbest/simbest-boot-cores,321,38,651353,3,3, Java,2,0,simbest,simbest-boot-cores
kingslayer15/mutual,170,23,28101,3,4, HTML,0,3,kingslayer15,mutual
AtlasOfLivingAustralia/biocache-service,151,23,15889,3,20, Java,20,147,AtlasOfLivingAustralia,biocache-service
yunchaoyun/active4j-oa,436,78,9123,3,1, TSQL,1,1,yunchaoyun,active4j-oa
racem-cherni/KinderGartenProject,209,57,87052,3,2, HTML,2,0,racem-cherni,KinderGartenProject
peonycmsTeam/peonytancms,280,29,171335,3,6, JavaScript,2,0,peonycmsTeam,peonytancms
danbaixidanbai/OCproject,77,15,1889,3,0, JavaScript,0,2,danbaixidanbai,OCproject
wh4585hai/OnlineSchool,259,26,14914,3,2, JavaScript,1,0,wh4585hai,OnlineSchool
c2s/telegram-bot-admin,138,19,2867,3,2, Java,1,0,c2s,telegram-bot-admin
thinksgroup/Niceschool,165,26,1797,3,2, HTML,0,1,thinksgroup,Niceschool
CrazyZhao/zblog,63,13,3603,3,1, HTML,1,0,CrazyZhao,zblog
tlkzzz/xpjfx,478,120,26861,3,7, JavaScript,2,0,tlkzzz,xpjfx
nds1993/OpenMPS,922,141,7794,3,1, JavaScript,1,0,nds1993,OpenMPS
shangtech/WeiXinPlatform,88,38,10068,3,6, JavaScript,2,0,shangtech,WeiXinPlatform
jlu-linshuhang/goods-master,87,12,46256,3,3, Java,2,0,jlu-linshuhang,goods-master
tanzhb/zhgj-project,508,75,101804,3,1, JavaScript,1,1,tanzhb,zhgj-project
moxiaohei/OPMS,130,33,4151,3,3, Java,1,0,moxiaohei,OPMS
holagoldfish/H5APP-java,39,15,239,3,1, Java,0,0,holagoldfish,H5APP-java
okfarm09/JYLAND,68,15,47805,3,1, Java,3,0,okfarm09,JYLAND
kimki1124/MetelSOS,61,11,18131,3,0, Java,2,0,kimki1124,MetelSOS
cdcchain/cdc-browser,58,15,1024,3,3, CSS,0,0,cdcchain,cdc-browser
orgqy88cckz/AccumulationFund,134,28,3919,3,0, JavaScript,0,0,orgqy88cckz,AccumulationFund
forwardNow/javaee_pkui,253,35,70144,3,3, JavaScript,1,0,forwardNow,javaee_pkui
SEUCXT/AncientBook,123,11,25028,3,0, Java,0,0,SEUCXT,AncientBook
LiJiuRi/jie_you_ba,102,18,4748,3,1, Java,0,0,LiJiuRi,jie_you_ba
jonico/ccfmaster,414,129,221823,3,2, Java,2,6,jonico,ccfmaster
RMHM/miniMap,83,12,17285,3,0, JavaScript,0,0,RMHM,miniMap
tom1994/CEM,404,48,96325,3,2, JavaScript,1,0,tom1994,CEM
oith/ws_hcm,40,32,8429,3,4, Java,2,0,oith,ws_hcm
zcg596359343/PDIMS,80,12,7121,3,0, Java,0,0,zcg596359343,PDIMS
choerodon/agile-service,815,81,5580,3,8, Java,4,0,choerodon,agile-service
wujiyuan1314/VendingMachine,162,26,95344,3,8, JavaScript,1,1,wujiyuan1314,VendingMachine
nieyue/ActivationCodeMall,307,41,9020,3,1, Java,2,0,nieyue,ActivationCodeMall
kdirector1990/WeRPNetwork,116,17,24390,2,0, Java,1,4,kdirector1990,WeRPNetwork
longyzkd/wj-web-ext-enhancer,154,64,7874,2,0, JavaScript,1,0,longyzkd,wj-web-ext-enhancer
VecJunZhi/NewZSWBEM,475,61,86707,2,0, HTML,2,0,VecJunZhi,NewZSWBEM
598605338/yikao,607,37,7264,2,1, Java,1,0,598605338,yikao
nullcodeexecutor/pts,174,27,3020,2,0, JavaScript,1,0,nullcodeexecutor,pts
kinorsi/mykided-api,710,34,2153,2,0, Java,1,0,kinorsi,mykided-api
YouAreOnlyOne/CommunityInformationForWeb,163,23,7163,2,1, JavaScript,2,0,YouAreOnlyOne,CommunityInformationForWeb
CeaMYHBK/AppCeaM,35,12,55162,2,0, Java,2,0,CeaMYHBK,AppCeaM
sdzczh/BitUniverse-Parent,229,28,2097,2,0, Java,0,2,sdzczh,BitUniverse-Parent
gvSIGAssociation/gvsig-web,127,51,6145,2,0, JavaScript,13,0,gvSIGAssociation,gvsig-web
EllinJune/WeBlog,62,17,1166,2,0, HTML,1,1,EllinJune,WeBlog
dr-thomashartmann/phd-thesis,36,13,22426,2,0, Web Ontology Language,1,0,dr-thomashartmann,phd-thesis
GreaterLondonAuthority/GLA-OPS,625,11,2489,2,0, Java,10,0,GreaterLondonAuthority,GLA-OPS
qiemengyan/videoconfigserver,214,27,1346,2,2, JavaScript,0,2,qiemengyan,videoconfigserver
immime/shop-2,292,59,38764,2,2, HTML,2,0,immime,shop-2
hongqiang/shopb2b,465,91,3060,2,1, Java,4,0,hongqiang,shopb2b
AaronSum/hotel-mgr-sys,498,31,5100,2,2, Java,1,0,AaronSum,hotel-mgr-sys
superman7/AccountManagement,67,15,1123,2,4, Java,1,0,superman7,AccountManagement
amit-an/webapp_war_sample,334,105,7994,2,2, Java,0,0,amit-an,webapp_war_sample
SupermePower/zammc-manage,119,18,4059,2,0, JavaScript,1,0,SupermePower,zammc-manage
dtdhehe/ptu-life,66,12,5615,2,0, HTML,0,0,dtdhehe,ptu-life
cybybchen/nfsmw,574,23,7362,2,0, Java,0,0,cybybchen,nfsmw
lancelee98/PeopleMange,182,22,5014,2,1, Java,0,0,lancelee98,PeopleMange
YXG520/onlineExamSystem,41,14,22771,2,0, JavaScript,1,0,YXG520,onlineExamSystem
jeezhau/ec-server,149,20,1244,2,0, Java,1,0,jeezhau,ec-server
miyakowork/template-items-oauth2,157,44,18337,2,3, Java,2,0,miyakowork,template-items-oauth2
HuangBear/TheaterProject,155,17,77048,2,6, Java,1,2,HuangBear,TheaterProject
litbo/hospitalzj,185,26,6518,2,0, JavaScript,0,0,litbo,hospitalzj
fawks96/pet-hospital,74,11,28850,2,1, Java,0,5,fawks96,pet-hospital
heaptrip/heaptrip,483,11,10900,2,0, JavaScript,6,83,heaptrip,heaptrip
GCUCST/video_exam_system_back,135,28,232,2,0, Java,1,0,GCUCST,video_exam_system_back
398907877/AppPortal,470,77,9868,2,4, Java,2,0,398907877,AppPortal
xabaohui/zis,553,135,1591,2,1, Java,1,24,xabaohui,zis
RoyZeng/gmhx,402,60,3584,2,2, Java,1,0,RoyZeng,gmhx
eea/eionet.webq,196,21,25967,2,3, Java,50,3,eea,eionet.webq
liudexiang3218/CMSLite,221,13,53183,2,2, Java,0,2,liudexiang3218,CMSLite
Russel-JX/OUC-Family,276,23,151174,2,3, Java,2,0,Russel-JX,OUC-Family
Maxcj/Maxcj,177,23,13468,2,0, JavaScript,0,2,Maxcj,Maxcj
qwe7783131/CareerDevelopment,193,37,2167,2,0, HTML,0,2,qwe7783131,CareerDevelopment
assertmyself/gweb-v2,365,33,127129,2,1, JavaScript,1,0,assertmyself,gweb-v2
Lewage59/design2019,33,12,44749,2,1, JavaScript,1,0,Lewage59,design2019
Ganweizhi/Ruanzhuo2,142,23,16422,2,3, HTML,1,1,Ganweizhi,Ruanzhuo2
VN-Lf/GitNo3,126,25,47002,2,1, HTML,1,0,VN-Lf,GitNo3
ssolutiondev/ssolution,164,19,4506,2,0, JavaScript,2,0,ssolutiondev,ssolution
findmyapp/findmyapp,139,13,14340,2,0, Java,20,0,findmyapp,findmyapp
Jeanwin/disrec,333,53,156940,2,2, JavaScript,2,0,Jeanwin,disrec
zhaowei520/CDCXH,236,33,68563,2,1, Java,0,1,zhaowei520,CDCXH
hyperaeon/CrazyAndOptimize,1390,26,35699,2,1, Java,1,2,hyperaeon,CrazyAndOptimize
HUTchengxi/Tutor,169,17,37474,2,1, JavaScript,2,0,HUTchengxi,Tutor
GZWgssmart/p2p_2_3,286,39,15130,2,2, JavaScript,1,0,GZWgssmart,p2p_2_3
tigerOrtiger/XiaoMi,444,56,59882,2,0, Java,0,0,tigerOrtiger,XiaoMi
SumitBisht/InventoryMgt,132,17,16592,2,4, Java,2,0,SumitBisht,InventoryMgt
tangvin/supplyChain_4,240,43,18242,2,3, Java,0,1,tangvin,supplyChain_4
guancgsuccess/Ylsn,107,14,35410,2,1, Java,0,1,guancgsuccess,Ylsn
ssldkcnd55/msymhghshjjgij,92,16,54146,2,1, JavaScript,0,0,ssldkcnd55,msymhghshjjgij
GZWgssmart/p2p_2_2,279,34,17430,2,2, JavaScript,1,0,GZWgssmart,p2p_2_2
xingganfengxing/openapi,110,20,304,2,13, Java,2,0,xingganfengxing,openapi
kaaterskil/laxstats,513,36,3936,2,1, Java,2,0,kaaterskil,laxstats
chc0618/bigdataXmaster,367,37,22805,2,2, JavaScript,1,0,chc0618,bigdataXmaster
baraka-sdw/CES,325,29,8490,2,0, JavaScript,1,0,baraka-sdw,CES
co-book/cobook,96,19,36757,2,2, HTML,0,5,co-book,cobook
corin2/corin2,104,21,49075,2,1, Java,1,0,corin2,corin2
priiduneemre/bitplexus,125,26,1738,2,1, Java,1,0,priiduneemre,bitplexus
wangsuwei110/haojiajiao,412,24,1361,2,0, Java,1,4,wangsuwei110,haojiajiao
hiepit07/intra-mart,540,50,4619,2,0, Java,1,0,hiepit07,intra-mart
irispastal/jeecmsv9,1202,14,63913,2,2, Java,0,0,irispastal,jeecmsv9
zemuldo/Cyclos_3.7,2505,1267,45638,2,4, Java,1,0,zemuldo,Cyclos_3.7
rajanainart/micro-services-common,137,11,281,2,0, Java,1,1,rajanainart,micro-services-common
chenzl0723/forumApp,129,34,126292,2,0, JavaScript,0,0,chenzl0723,forumApp
junehappylove/june.web.ly,305,20,5870,2,1, JavaScript,0,4,junehappylove,june.web.ly
YuuiChung/PTS,175,113,37587,2,0, Java,0,0,YuuiChung,PTS
MattJasonLu/SVSP_0.4,458,54,77428,2,4, JavaScript,2,3,MattJasonLu,SVSP_0.4
TineWindy/lysl-demand,145,13,9859,2,0, Java,2,1,TineWindy,lysl-demand
Williamstraub/vhmml,319,22,9080,2,0, Java,1,0,Williamstraub,vhmml
yebinable/kindergarten,131,14,16414,2,1, Java,0,5,yebinable,kindergarten
RedEyesDevelopment/NetCrackerProject,297,27,41466,2,0, Java,4,0,RedEyesDevelopment,NetCrackerProject
ClareZhongjy/Clare,30,11,47080,2,0, JavaScript,0,0,ClareZhongjy,Clare
JialunZhao/Web-PSIMS,267,19,4434,2,1, Java,1,0,JialunZhao,Web-PSIMS
iver99/DaTian,208,28,22208,2,12, Java,3,0,iver99,DaTian
JuanCarlosAlonsoValenzuela/pruebaYDiseno6,239,50,1552,2,4, Java,0,1,JuanCarlosAlonsoValenzuela,pruebaYDiseno6
SuperheroMovie00/aicheck,308,26,86067,2,1, Java,0,0,SuperheroMovie00,aicheck
chao-hu/xcloud-server,777,32,1095,2,2, Java,7,1,chao-hu,xcloud-server
zxbangban/zxbangban,54,11,35291,2,0, Java,0,0,zxbangban,zxbangban
makimaliev/MFLoanWeb,258,145,83571,2,0, JavaScript,3,1,makimaliev,MFLoanWeb
hpoliset/pmp-excel-ingestor,271,23,6525,2,0, Java,11,3,hpoliset,pmp-excel-ingestor
dedweek/definedweek,570,131,3415,2,3, Java,1,0,dedweek,definedweek
apple987/mvc_action,143,16,2548,2,1, JavaScript,1,0,apple987,mvc_action
jembi/bsis,1041,106,53905,2,2, Java,5,6,jembi,bsis
hanyunpeng0521/cloud-collections-web,250,19,3311,2,0, Java,1,0,hanyunpeng0521,cloud-collections-web
hwechori/smartworksV3-1,1211,41,284246,2,3, Java,1,0,hwechori,smartworksV3-1
coolwenshuyan/experimentplatform,205,30,19014,2,1, JavaScript,3,2,coolwenshuyan,experimentplatform
xla145/logistics-manage,225,40,65788,2,0, JavaScript,1,0,xla145,logistics-manage
yh0921k/1d2f-portfoli,207,41,85859,2,4, JavaScript,3,0,yh0921k,1d2f-portfoli
tmfg/digitraffic-road,571,28,38399,2,2, TSQL,13,0,tmfg,digitraffic-road
yahong2018/salon,380,53,266932,2,6, Java,0,1,yahong2018,salon
jiajially/yuya-admin,118,13,99821,2,0, Java,1,0,jiajially,yuya-admin
dadaguoqing/javaoa,351,48,41051,2,0, Java,0,0,dadaguoqing,javaoa
lhsmApp/ywgl,391,87,74473,1,1, JavaScript,2,5,lhsmApp,ywgl
martinwuje/UleehubPayWs,300,14,1116,1,2, Java,1,0,martinwuje,UleehubPayWs
philmarx/projectT,386,25,5563,1,2, Java,0,0,philmarx,projectT
I-TECH-UW/OpenELIS-Global-2,1501,127,104991,1,15, Java,11,0,I-TECH-UW,OpenELIS-Global-2
jqxin2006/threadfixRack,405,51,27424,1,0, Java,3,1,jqxin2006,threadfixRack
DiganmeGiovanni/SAPITO,81,11,5158,1,4, Java,23,0,DiganmeGiovanni,SAPITO
bingo1118/zdst_service,682,187,82422,1,1, Java,0,0,bingo1118,zdst_service
vipliliping/yiliBigDataService,362,34,794,1,0, Java,1,0,vipliliping,yiliBigDataService
wenhaofan/RuoYi-qiqiim,288,35,3720,1,1, JavaScript,0,2,wenhaofan,RuoYi-qiqiim
fengfeng521521/face,48,13,44300,1,0, JavaScript,1,0,fengfeng521521,face
guoshijiang/biwork_service,191,19,372,1,1, Java,1,0,guoshijiang,biwork_service
wxwdxn/aiwuliu,464,89,65384,1,0, Java,1,0,wxwdxn,aiwuliu
zhuosikeji/charity-foundation,642,109,201102,1,0, Java,0,0,zhuosikeji,charity-foundation
